s,p,o
точіння,перевага,простий інструмент
точіння,перевага,точність
нарізання мітчиком,недолік,спеціальний інструмент
нарізання мітчиком,перевага,технологічність
точіння,перевага,продуктивність
точіння,перевага,універсальність
точіння,недолік,нетехнологічність
точіння,перевага,економічність
точіння,перевага,стабільність
нарізання мітчиком,перевага,висока точність
точіння,недолік,велика кількість відходів
точіння,недолік,обмежена складність форми
нарізання мітчиком,недолік,висока вартість
нарізання мітчиком,недолік,повільний процес
фрезерування,недолік,складність налаштування
фрезерування,недолік,висока вартість інструментів
фрезерування,перевага,висока продуктивність
фрезерування,перевага,гнучкість обробки
шліфування,перевага,покращена поверхня
шліфування,перевага,висока точність
шліфування,недолік,повільна швидкість обробки
шліфування,недолік,необхідність попередньої обробки
електроерозійна обробка,недолік,повільна швидкість
електроерозійна обробка,недолік,висока вартість процесу
електроерозійна обробка,перевага,можливість обробки складних форм
електроерозійна обробка,перевага,безконтактна обробка
